,xy,xz,yz,outcrop_prop,overhang_prop,range
KP0130_AC_SB05,26.77009368955224,27.598005789076723,32.22794299412579,0.38941282098604396,1.0,0.006057001300362284
KP0132_HU_SB05,12.774780841224718,6.86182031183463,29.02274242048879,0.6207317749161795,0.0,0.006532393700852346
KP0133_HU_SB05,7.7474236814424735,9.164923737097679,38.924504844816326,0.5124499758712375,0.0,0.006633011637998234
KP0134_HU_SB05,7.243399009759977,13.65654775447901,36.41123647442193,0.6006028837482779,0.0,0.004716510273605997
KP0135_HU_SB05,9.48473479120249,1.9133639653988477,42.292432142193796,0.6547420556963435,0.0,0.007659663009633488
KP0137_HU_SB05,56.8812071492196,7.105767005713183,3.7714574092856163,0.47894967633893326,0.5,0.005021669369845859
KP0138_HU_SB05,,,,0.4131113920196175,,0.0020717712297522476
KP0139_HU_SB05,,,55.50611741191108,0.5058419909438696,0.0,0.0030773162336634155
KP0140_HU_SB05,,24.59928911531851,4.184773908848592,0.4096615380863893,0.0,0.003770874120488658
