,xy,xz,yz,prop,overhang,range
KP0130_AC_SB05,21.484645864393926,18.23624595118797,33.4833739351884,0.38941282098604396,No,0.027113178956003958
KP0132_HU_SB05,2.723759659360144,3.340197857547944,30.228712555892464,0.6207317749161795,No,0.02924119554203976
KP0133_HU_SB05,15.37346455752852,12.13216877882807,33.667982352265575,0.5124499758712375,No,0.029691595335722694
KP0134_HU_SB05,24.75590362921747,2.3691542623053334,16.813349332807437,0.6006028837482779,No,0.02111268939111204
KP0135_HU_SB05,4.273710455260564,4.334810687479324,39.678404661587166,0.6547420556963435,No,0.03428723284415589
KP0137_HU_SB05,43.2277200955494,28.00891202440188,12.759506975415546,0.47894967633893326,No,0.022478684340776146
KP0138_HU_SB05,29.44054425169021,13.168670853827454,6.82183706557735,0.4131113920196175,No,0.009273946186013413
KP0139_HU_SB05,7.092110326889468,1.9322893642868948,21.180110538358836,0.5058419909438696,No,0.013775104479925039
KP0140_HU_SB05,27.251029241665826,35.450678574416955,6.760669283670953,0.4096615380863893,No,0.01687970330190581
